{"cameraMode":{"drawMode":0,"name":"Shaded","section":"Shading Mode"},"sceneLighting":true,"audioPlay":false,"sceneViewState":{"m_AlwaysRefresh":false,"showFog":true,"showSkybox":true,"showFlares":true,"showImageEffects":true,"showParticleSystems":true,"showVisualEffectGraphs":true,"m_FxEnabled":true},"in2DMode":false,"pivot":{"x":-3.787170648574829,"y":40.946468353271487,"z":3.448436737060547},"rotation":{"x":-0.020249992609024049,"y":0.5364429354667664,"z":0.012877819128334523,"w":0.8435977697372437},"size":153.47579956054688,"orthographic":false}